stimulus,voc,infant,adult,english
ACO01A,1,0,0,0
ACO01B,2,0,0,0
ACO01C,3,0,0,0
ACO01D,4,1,0,0
ACO02A,5,0,1,0
ACO02B,6,0,0,0
ACO02C,7,0,1,0
ACO02D,8,1,0,0
ACO03A,9,1,1,0
ACO03B,10,0,0,0
ACO03C,11,1,0,0
ACO03D,12,1,0,0
ACO04A,13,1,0,0
ACO04B,14,1,0,0
ACO04C,15,0,0,0
ACO04D,16,1,0,0
ACO05A,17,0,0,0
ACO05B,18,0,0,0
ACO05C,19,0,0,0
ACO05D,20,0,0,0
ACO06A,21,0,0,0
ACO06C,22,0,0,0
ACO06D,23,0,0,0
ACO07A,24,0,0,0
ACO07C,25,0,0,0
ACO07D,26,0,0,0
ACO08A,27,0,0,0
ACO08B,28,0,1,0
ACO08C,29,0,0,0
ACO08D,30,0,0,0
ACO09A,31,0,0,0
ACO09B,32,0,0,0
ACO09C,33,0,0,0
ACO09D,34,0,0,0
ACO10A,35,0,0,0
ACO10B,36,0,0,0
ACO10C,37,0,0,0
ACO10D,38,0,0,0
ACO11A,39,0,0,0
ACO11B,40,0,0,0
ACO11C,41,0,0,0
ACO11D,42,0,0,0
ACO12A,43,0,0,0
ACO12B,44,0,0,0
ACO12C,45,0,0,0
ACO12D,46,0,0,0
ACO13A,47,1,0,0
ACO13B,48,0,0,0
ACO13C,49,1,0,0
ACO13D,50,1,0,0
ACO14A,51,0,0,0
ACO14B,52,0,0,0
ACO14D,53,0,0,0
ARA01A,54,0,0,1
ARA01B,55,0,0,0
ARA01C,56,0,0,1
ARA01D,57,1,0,1
ARA02A,58,1,0,1
ARA02B,59,1,0,1
ARA02C,60,0,0,1
ARA02D,61,0,0,1
ARA03A,62,0,0,1
ARA03B,63,1,0,1
ARA03C,64,0,0,1
ARA03D,65,1,0,1
ARA04A,66,1,0,1
ARA04B,67,0,0,1
ARA04C,68,0,0,1
ARA04D,69,1,0,1
ARA05A,70,0,0,1
ARA05B,71,0,0,1
ARA05C,72,0,0,1
ARA05D,73,0,0,1
ARA06A,74,0,0,1
ARA06B,75,0,0,1
ARA06C,76,0,0,1
ARA06D,77,0,0,1
ARA07A,78,0,0,1
ARA07B,79,0,0,1
ARA07C,80,0,0,1
ARA07D,81,0,0,1
ARA08A,82,0,0,1
ARA08B,83,0,0,1
ARA08C,84,0,0,1
ARA08D,85,0,0,0
ARA09A,86,0,0,1
ARA09B,87,1,0,1
ARA09C,88,1,0,1
ARA09D,89,0,0,0
ARA10A,90,0,0,1
ARA10B,91,0,0,1
ARA10C,92,0,0,1
ARA10D,93,0,0,1
ARA11A,94,0,0,1
ARA11B,95,0,0,1
ARA11C,96,0,0,1
ARA11D,97,0,0,1
ARA12A,98,1,0,1
ARA12B,99,1,0,1
ARA12C,100,0,0,1
ARA12D,101,0,0,1
BEJ01A,102,0,0,0
BEJ01B,103,0,0,0
BEJ01C,104,0,0,0
BEJ01D,105,0,0,0
BEJ02A,106,0,0,0
BEJ02B,107,0,0,0
BEJ02C,108,0,0,0
BEJ02D,109,0,0,0
BEJ03A,110,0,0,0
BEJ03B,111,1,0,0
BEJ03C,112,0,0,0
BEJ03D,113,1,0,0
BEJ04A,114,0,0,0
BEJ04B,115,0,0,0
BEJ04C,116,0,0,0
BEJ04D,117,0,0,0
BEJ05A,118,0,0,1
BEJ05B,119,0,0,0
BEJ05C,120,0,0,0
BEJ05D,121,0,0,0
BEJ06A,122,0,0,0
BEJ06B,123,0,0,0
BEJ06C,124,0,0,0
BEJ06D,125,0,0,0
BEJ07A,126,0,0,0
BEJ07B,127,0,0,0
BEJ07C,128,0,0,0
BEJ07D,129,0,0,0
BEJ08A,130,0,0,0
BEJ08B,131,0,0,0
BEJ08C,132,1,0,0
BEJ08D,133,0,0,0
BEJ09A,134,0,0,0
BEJ09B,135,0,0,0
BEJ09C,136,0,0,0
BEJ09D,137,0,0,0
BEJ10A,138,0,0,0
BEJ10B,139,1,0,0
BEJ10C,140,0,0,0
BEJ10D,141,0,0,0
BEJ11A,142,0,0,0
BEJ11B,143,0,0,0
BEJ11C,144,0,0,0
BEJ11D,145,0,0,0
BEJ12A,146,0,0,0
BEJ12B,147,0,0,0
BEJ12C,148,0,0,0
BEJ12D,149,0,0,0
BEJ13A,150,0,0,0
BEJ13B,151,0,0,0
BEJ13C,152,0,0,0
BEJ13D,153,0,0,0
BEJ14A,154,0,0,0
BEJ14B,155,0,0,0
BEJ14C,156,0,0,0
BEJ14D,157,0,0,0
BEJ15A,158,0,0,0
BEJ15B,159,0,0,0
BEJ15C,160,1,0,0
BEJ15D,161,0,0,0
BEJ16A,162,0,0,0
BEJ16B,163,0,0,0
BEJ16C,164,0,0,0
BEJ16D,165,0,0,0
BEJ17A,166,0,0,0
BEJ17B,167,0,0,0
BEJ17C,168,0,0,0
BEJ17D,169,0,0,0
BEJ18A,170,0,0,0
BEJ18B,171,0,0,0
BEJ18C,172,0,0,0
BEJ18D,173,0,0,0
BEJ19A,174,0,0,0
BEJ19B,175,0,0,0
BEJ19C,176,0,0,0
BEJ19D,177,0,0,0
BEJ20A,178,0,0,0
BEJ20B,179,0,0,0
BEJ20C,180,0,0,0
BEJ20D,181,0,0,0
BEJ21A,182,0,0,0
BEJ21B,183,0,0,0
BEJ21C,184,0,0,0
BEJ21D,185,0,0,0
BEJ22A,186,0,0,0
BEJ22B,187,0,0,0
BEJ22C,188,0,0,1
BEJ22D,189,0,0,0
BEJ23A,190,0,0,0
BEJ23B,191,0,0,0
BEJ23C,192,0,0,0
BEJ23D,193,0,0,0
BEJ24A,194,0,0,0
BEJ24B,195,0,0,0
BEJ24C,196,0,0,0
BEJ24D,197,0,0,0
BEJ25A,198,0,0,0
BEJ25B,199,0,0,0
BEJ25C,200,0,0,0
BEJ25D,201,0,0,0
BEJ26A,202,0,0,0
BEJ26B,203,0,0,0
BEJ26C,204,0,0,0
BEJ26D,205,0,0,0
BEJ27A,206,0,0,0
BEJ27B,207,0,0,0
BEJ27C,208,0,0,0
BEJ27D,209,0,0,0
BEJ28A,210,0,0,0
BEJ28B,211,0,0,0
BEJ28C,212,0,0,0
BEJ28D,213,0,0,0
BEJ29A,214,0,0,0
BEJ29B,215,0,0,0
BEJ29C,216,0,0,0
BEJ29D,217,1,0,0
BEJ30A,218,0,0,0
BEJ30B,219,0,0,0
BEJ30C,220,0,0,0
BEJ30D,221,0,0,0
BEJ31A,222,0,0,1
BEJ31B,223,0,0,0
BEJ31C,224,0,0,0
BEJ31D,225,0,0,0
HAD01A,226,0,0,0
HAD01B,227,0,0,0
HAD01C,228,0,0,0
HAD01D,229,0,0,0
HAD02A,230,0,0,0
HAD02B,231,0,0,0
HAD02C,232,0,0,0
HAD02D,233,0,0,0
HAD03A,234,0,0,0
HAD03B,235,0,0,0
HAD03C,236,0,0,0
HAD03D,237,0,0,0
HAD04A,238,0,0,0
HAD04B,239,0,0,0
HAD04C,240,0,0,0
HAD04D,241,0,0,0
HAD05A,242,0,0,0
HAD05B,243,0,0,0
HAD05C,244,0,0,0
HAD05D,245,0,0,0
HAD06A,246,0,0,0
HAD06B,247,0,0,0
HAD06C,248,0,0,0
HAD06D,249,0,0,0
HAD07A,250,0,0,0
HAD07B,251,0,0,0
HAD07C,252,0,0,0
HAD07D,253,0,0,0
HAD08A,254,0,0,0
HAD08B,255,0,0,0
HAD08C,256,0,0,0
HAD08D,257,0,0,0
HAD09A,258,0,0,0
HAD09B,259,0,0,0
HAD09C,260,0,0,0
HAD09D,261,0,0,0
HAD10B,262,0,0,0
HAD10D,263,0,0,0
JEN01A,264,0,0,0
JEN01B,265,0,0,0
JEN01C,266,0,0,0
JEN01D,267,0,0,0
JEN02A,268,0,0,0
JEN02B,269,0,0,0
JEN02C,270,0,0,0
JEN02D,271,0,0,0
JEN03A,272,0,0,0
JEN03B,273,1,0,0
JEN03C,274,0,0,0
JEN03D,275,0,0,0
JEN04A,276,1,0,0
JEN04B,277,1,0,0
JEN04C,278,1,0,0
JEN04D,279,0,0,0
JEN05A,280,0,0,0
JEN05B,281,0,0,0
JEN05C,282,0,0,0
JEN05D,283,0,0,0
JEN06A,284,1,0,0
JEN06B,285,0,0,0
JEN06C,286,0,0,0
JEN06D,287,0,0,0
JEN07A,288,0,0,0
JEN07B,289,0,0,0
JEN07C,290,0,0,0
JEN07D,291,0,0,0
JEN08A,292,0,0,0
JEN08B,293,0,0,0
JEN08C,294,0,0,0
JEN08D,295,0,0,0
JEN09A,296,0,0,0
JEN09B,297,0,0,0
JEN09C,298,0,0,0
JEN09D,299,0,0,0
JEN10A,300,0,0,0
JEN10B,301,0,0,0
JEN10C,302,0,0,0
JEN10D,303,0,0,0
JEN11A,304,1,0,0
JEN11B,305,1,0,0
JEN11C,306,0,0,0
JEN11D,307,1,1,0
JEN12A,308,0,0,0
JEN12B,309,1,0,0
JEN12C,310,0,0,0
JEN12D,311,1,0,0
JEN13A,312,1,1,0
JEN13B,313,0,0,0
JEN13C,314,1,1,0
JEN13D,315,0,0,0
JEN14A,316,0,0,0
JEN14B,317,0,0,0
JEN14C,318,1,1,0
JEN14D,319,0,0,0
JEN15A,320,0,0,0
JEN15B,321,1,0,0
JEN15C,322,1,0,0
JEN15D,323,0,0,0
JEN16A,324,1,0,0
JEN16B,325,0,0,0
JEN16C,326,1,0,0
JEN16D,327,0,0,0
JEN17A,328,1,0,0
JEN17B,329,0,0,0
JEN17C,330,1,0,0
JEN17D,331,1,0,0
JEN18A,332,1,0,0
JEN18B,333,0,0,0
JEN18C,334,0,0,0
JEN18D,335,0,0,0
JEN19A,336,0,0,0
JEN19B,337,0,0,0
JEN19C,338,0,0,0
JEN19D,339,0,1,0
JEN20A,340,0,0,0
JEN20B,341,0,0,0
JEN20C,342,0,0,0
JEN20D,343,0,0,0
KRA01A,344,0,0,1
KRA01B,345,0,0,0
KRA01C,346,0,0,0
KRA01D,347,0,0,0
KRA02A,348,0,0,0
KRA02B,349,0,0,0
KRA02C,350,0,0,0
KRA02D,351,0,0,0
KRA03A,352,1,0,0
KRA03B,353,0,0,0
KRA03C,354,0,0,0
KRA03D,355,0,0,0
KRA04A,356,0,0,0
KRA04B,357,0,0,0
KRA04C,358,1,0,0
KRA04D,359,1,0,0
KRA05A,360,0,0,0
KRA05B,361,0,0,0
KRA05C,362,1,0,0
KRA05D,363,1,0,0
KRA06A,364,0,0,0
KRA06B,365,0,0,0
KRA06C,366,0,0,0
KRA06D,367,0,0,0
KRA07A,368,1,0,0
KRA07B,369,0,0,0
KRA07C,370,0,0,0
KRA07D,371,0,0,0
KRA08A,372,0,0,0
KRA08B,373,0,0,0
KRA08C,374,0,0,0
KRA08D,375,0,0,0
KRA09A,376,0,0,0
KRA09B,377,0,0,0
KRA09C,378,0,0,0
KRA09D,379,0,0,0
KRA10A,380,0,0,0
KRA10B,381,0,0,0
KRA10C,382,0,0,0
KRA10D,383,0,0,0
KRA11A,384,0,0,0
KRA11B,385,1,0,0
KRA11C,386,0,0,0
KRA11D,387,0,0,0
LIM01A,388,0,0,0
LIM01B,389,0,0,0
LIM01C,390,0,0,0
LIM01D,391,0,0,0
LIM02A,392,1,0,0
LIM02B,393,0,0,0
LIM02C,394,1,0,0
LIM02D,395,0,0,0
LIM03A,396,0,0,0
LIM03B,397,0,0,0
LIM03C,398,0,0,0
LIM03D,399,1,0,0
LIM04A,400,0,0,0
LIM04B,401,0,0,0
LIM04C,402,0,0,0
LIM04D,403,0,0,0
LIM05A,404,0,0,0
LIM05B,405,1,0,0
LIM05C,406,1,0,0
LIM05D,407,0,0,0
LIM06A,408,1,0,0
LIM06B,409,1,0,0
LIM06C,410,1,0,0
LIM06D,411,0,0,0
LIM07A,412,1,0,0
LIM07B,413,0,0,0
LIM07C,414,0,0,0
LIM07D,415,0,0,0
LIM08A,416,1,0,0
LIM08B,417,0,0,0
LIM08C,418,0,0,0
LIM08D,419,1,0,0
LIM09A,420,0,0,0
LIM09B,421,0,0,0
LIM09C,422,0,0,0
LIM09D,423,0,0,0
LIM10A,424,0,0,0
LIM10B,425,0,0,0
LIM10C,426,0,0,0
LIM10D,427,0,0,0
LIM11A,428,0,0,0
LIM11B,429,0,0,0
LIM11C,430,0,0,0
LIM11D,431,0,0,0
LIM12A,432,0,0,0
LIM12B,433,0,0,0
LIM12C,434,0,0,0
LIM12D,435,0,0,0
LIM13A,436,0,0,0
LIM13B,437,0,0,0
LIM13C,438,0,0,0
LIM13D,439,0,0,0
LIM14A,440,0,0,0
LIM14B,441,0,0,0
LIM14D,442,0,0,0
MBE01A,443,0,1,0
MBE01B,444,0,1,0
MBE01C,445,0,0,0
MBE01D,446,0,0,0
MBE02A,447,0,0,0
MBE02B,448,0,0,0
MBE02C,449,0,0,0
MBE02D,450,0,0,0
MBE03A,451,0,1,0
MBE03B,452,0,0,0
MBE03C,453,0,0,0
MBE03D,454,0,0,0
MBE04A,455,0,0,0
MBE04B,456,1,0,0
MBE04C,457,0,0,0
MBE04D,458,1,0,0
MBE05A,459,0,0,0
MBE05B,460,0,0,0
MBE05C,461,0,0,0
MBE05D,462,0,0,0
MBE06A,463,0,0,0
MBE06B,464,0,1,0
MBE06C,465,0,0,0
MBE06D,466,0,1,0
MBE07A,467,0,0,0
MBE07B,468,0,0,0
MBE07C,469,0,0,0
MBE07D,470,0,1,0
MBE08A,471,0,0,0
MBE08B,472,1,0,0
MBE08C,473,1,1,0
MBE08D,474,0,0,0
MBE09A,475,0,0,0
MBE09B,476,0,0,0
MBE09C,477,0,0,0
MBE09D,478,0,0,0
MBE10A,479,0,0,0
MBE10B,480,0,0,0
MBE10C,481,0,0,0
MBE10D,482,0,0,0
MBE11A,483,0,0,0
MBE11B,484,1,0,0
MBE11C,485,1,0,0
MBE11D,486,0,0,0
MBE12A,487,0,0,0
MBE12B,488,0,0,0
MBE12C,489,0,0,0
MBE12D,490,0,1,0
MBE13A,491,0,0,0
MBE13B,492,0,1,0
MBE13C,493,0,0,0
MBE13D,494,0,0,0
MBE14A,495,1,0,0
MBE14B,496,0,0,0
MBE14C,497,0,0,0
MBE14D,498,0,0,0
MBE15A,499,0,0,0
MBE15B,500,0,0,0
MBE15C,501,0,0,0
MBE15D,502,0,0,0
MEN01A,503,1,0,0
MEN01B,504,1,0,0
MEN01C,505,0,1,0
MEN01D,506,0,0,0
MEN02A,507,0,0,0
MEN02B,508,1,0,0
MEN02C,509,0,0,0
MEN02D,510,0,0,0
MEN03A,511,0,0,0
MEN03B,512,1,0,0
MEN03C,513,0,0,0
MEN03D,514,0,0,0
MEN04A,515,0,0,0
MEN04B,516,0,0,0
MEN04C,517,0,0,0
MEN04D,518,0,0,0
MEN05A,519,0,0,0
MEN05B,520,0,0,0
MEN05C,521,0,0,0
MEN05D,522,0,0,0
MEN06A,523,0,0,0
MEN06B,524,0,1,0
MEN06C,525,0,0,0
MEN06D,526,0,0,0
MEN07A,527,0,0,0
MEN07B,528,0,1,0
MEN07C,529,0,0,0
MEN07D,530,0,0,0
MEN08A,531,0,0,0
MEN08B,532,0,0,0
MEN08C,533,0,0,0
MEN08D,534,0,0,0
MEN09A,535,0,0,0
MEN09B,536,0,0,0
MEN09C,537,0,0,0
MEN09D,538,0,1,0
MEN10A,539,0,0,0
MEN10B,540,0,0,0
MEN10C,541,0,0,0
MEN10D,542,0,0,0
MEN11A,543,0,0,0
MEN11B,544,0,1,0
MEN11C,545,0,0,0
MEN11D,546,0,0,0
MEN12A,547,0,0,0
MEN12B,548,0,1,0
MEN12C,549,0,0,0
MEN12D,550,0,0,0
MEN13A,551,0,0,0
MEN13B,552,0,0,0
MEN13C,553,0,0,0
MEN13D,554,0,0,0
MEN14A,555,0,0,0
MEN14B,556,0,0,0
MEN14C,557,0,0,0
MEN14D,558,0,0,0
MEN15A,559,1,0,0
MEN15B,560,1,0,0
MEN15C,561,1,0,0
MEN15D,562,1,0,0
MES01A,563,0,0,0
MES01B,564,0,0,0
MES01C,565,0,0,0
MES01D,566,1,0,0
MES02A,567,0,0,0
MES02B,568,0,0,0
MES02C,569,0,0,0
MES02D,570,0,0,0
MES03A,571,0,0,0
MES03B,572,0,0,0
MES03C,573,0,0,0
MES03D,574,0,0,0
MES04A,575,0,0,0
MES04B,576,0,0,0
MES04C,577,0,0,0
MES04D,578,0,0,0
MES05A,579,1,0,0
MES05B,580,0,0,0
MES05C,581,0,0,0
MES05D,582,0,0,0
MES06A,583,0,0,0
MES06B,584,0,0,0
MES06C,585,0,0,0
MES06D,586,1,0,0
MES07A,587,0,0,0
MES07B,588,0,0,0
MES07C,589,0,0,0
MES07D,590,0,0,0
MES08A,591,0,0,0
MES08B,592,0,0,0
MES08C,593,0,0,0
MES08D,594,0,0,0
MES09A,595,0,0,0
MES09B,596,0,0,0
MES09D,597,0,0,0
MES10A,598,0,0,0
MES10B,599,0,0,0
MES10C,600,0,0,0
MES10D,601,0,0,0
MES11A,602,0,0,0
MES11B,603,0,0,0
MES11C,604,0,0,0
MES11D,605,0,0,0
NYA01A,606,1,1,0
NYA01B,607,0,0,0
NYA01C,608,0,0,0
NYA01D,609,1,0,0
NYA02A,610,1,0,0
NYA02B,611,0,0,0
NYA02C,612,0,0,0
NYA02D,613,0,0,0
NYA03A,614,0,0,0
NYA03B,615,0,0,0
NYA03C,616,1,0,0
NYA03D,617,0,0,0
NYA04A,618,0,0,0
NYA04B,619,0,0,0
NYA04C,620,0,0,0
NYA04D,621,0,0,0
NYA05A,622,0,0,0
NYA05B,623,1,0,0
NYA05C,624,0,0,0
NYA05D,625,0,0,0
NYA06A,626,1,0,0
NYA06B,627,1,0,0
NYA06C,628,1,1,0
NYA06D,629,1,1,0
NYA07A,630,1,1,0
NYA07B,631,0,0,0
NYA07C,632,1,1,0
NYA07D,633,1,1,0
NYA08A,634,0,0,0
NYA08B,635,1,0,0
NYA08C,636,0,0,0
NYA08D,637,0,0,0
NYA09A,638,0,0,0
NYA09B,639,0,0,0
NYA09C,640,0,0,0
NYA09D,641,0,0,0
NYA10A,642,0,0,0
NYA10B,643,1,1,0
NYA10C,644,0,0,0
NYA10D,645,0,0,0
NYA11A,646,0,0,0
NYA11B,647,1,1,0
NYA11C,648,1,0,0
NYA11D,649,0,0,0
NYA12A,650,0,0,0
NYA12B,651,0,0,0
NYA12C,652,0,0,0
NYA12D,653,0,0,0
NYA13A,654,0,0,0
NYA13B,655,0,1,0
NYA13C,656,0,0,0
NYA13D,657,0,1,0
NYA14A,658,1,0,0
NYA14B,659,0,0,0
NYA14C,660,0,0,0
NYA14D,661,1,0,0
PNG01A,662,1,0,0
PNG01B,663,1,0,0
PNG01C,664,0,0,0
PNG01D,665,0,0,0
PNG02A,666,0,0,0
PNG02B,667,1,1,0
PNG03A,668,0,0,0
PNG03B,669,1,1,0
PNG03C,670,1,1,0
PNG03D,671,1,0,0
PNG04A,672,0,1,0
PNG04B,673,1,0,0
PNG04C,674,1,1,0
PNG04D,675,0,0,0
PNG05A,676,0,0,0
PNG05B,677,1,1,0
PNG05C,678,1,0,0
PNG05D,679,0,0,0
PNG06A,680,0,1,0
PNG06B,681,0,0,0
PNG06C,682,0,0,0
PNG06D,683,0,0,0
QUE01A,684,0,0,0
QUE01B,685,0,0,0
QUE01C,686,0,0,0
QUE01D,687,0,0,0
QUE02B,688,0,0,0
QUE02D,689,0,0,0
QUE03A,690,0,0,0
QUE03B,691,0,0,0
QUE03C,692,0,0,0
QUE03D,693,0,0,0
QUE05A,694,0,0,0
QUE05B,695,0,0,0
QUE05C,696,0,0,0
QUE05D,697,0,0,0
QUE07A,698,0,0,0
QUE07B,699,1,0,0
QUE07C,700,0,0,0
QUE07D,701,0,0,0
QUE08A,702,0,0,0
QUE08B,703,0,0,0
QUE08C,704,0,0,0
QUE08D,705,0,0,0
QUE09B,706,0,0,0
QUE09D,707,0,0,0
QUE10A,708,0,0,0
QUE10B,709,0,0,0
QUE10C,710,0,0,0
QUE10D,711,0,0,0
QUE11B,712,0,0,0
QUE11D,713,0,1,0
QUE12B,714,0,0,0
QUE12D,715,0,0,0
QUE13A,716,0,0,0
QUE13B,717,0,0,0
QUE13C,718,0,0,0
QUE13D,719,0,1,0
QUE14A,720,0,0,0
QUE14B,721,0,0,0
QUE14C,722,0,0,0
QUE14D,723,0,0,0
QUE16A,724,0,0,0
QUE16B,725,0,1,0
QUE16C,726,0,0,0
QUE16D,727,0,0,0
QUE18A,728,0,0,0
QUE18B,729,0,0,0
QUE18C,730,0,0,0
QUE18D,731,0,0,0
QUE19D,732,1,1,0
SPA01A,733,0,0,0
SPA01B,734,0,0,0
SPA01C,735,0,0,0
SPA01D,736,0,0,0
SPA02A,737,0,0,0
SPA02B,738,0,0,0
SPA02C,739,0,0,0
SPA02D,740,0,0,0
SPA03A,741,1,0,0
SPA03B,742,1,0,0
SPA03C,743,0,0,0
SPA03D,744,1,0,0
SPA04A,745,0,0,0
SPA04B,746,0,0,0
SPA04C,747,0,0,0
SPA04D,748,0,0,0
SPA05A,749,0,0,0
SPA05B,750,0,0,0
SPA05C,751,0,0,0
SPA05D,752,0,0,0
SPA06A,753,0,0,0
SPA06B,754,0,0,0
SPA06C,755,0,0,0
SPA06D,756,0,0,0
SPA07A,757,0,0,0
SPA07B,758,0,0,0
SPA07D,759,0,0,0
SPA08A,760,0,0,0
SPA08B,761,0,0,0
SPA08C,762,0,0,0
SPA08D,763,0,0,0
SPA09A,764,0,0,0
SPA09B,765,0,0,0
SPA09C,766,0,0,0
SPA09D,767,0,0,0
SPA10A,768,0,0,0
SPA10B,769,0,0,0
SPA10C,770,0,0,0
SPA10D,771,1,0,0
SPA11A,772,0,0,0
SPA11B,773,0,0,0
SPA11C,774,0,0,0
SPA11D,775,0,0,0
SPA12A,776,1,0,0
SPA12B,777,1,0,0
SPA12C,778,1,0,0
SPA12D,779,0,0,0
SPA13A,780,0,0,0
SPA13B,781,0,0,0
SPA13C,782,0,0,0
SPA13D,783,0,0,0
SPA14A,784,1,0,0
SPA14B,785,1,0,0
SPA14C,786,0,0,0
SPA14D,787,1,0,0
SPA15A,788,0,0,0
SPA15B,789,0,0,0
SPA15C,790,0,0,0
SPA15D,791,0,0,0
TOP01A,792,1,1,0
TOP01B,793,0,0,0
TOP01C,794,1,1,0
TOP01D,795,1,0,0
TOP02A,796,0,0,0
TOP02B,797,0,0,0
TOP02C,798,0,0,0
TOP02D,799,1,0,0
TOP03A,800,0,0,0
TOP03B,801,0,0,0
TOP03C,802,1,0,0
TOP03D,803,0,0,0
TOP04A,804,0,0,0
TOP04B,805,1,0,0
TOP04C,806,0,0,0
TOP04D,807,1,0,0
TOP05A,808,1,1,0
TOP05B,809,0,0,0
TOP05C,810,1,0,0
TOP05D,811,0,0,0
TOP06A,812,0,0,0
TOP06B,813,0,0,0
TOP06C,814,0,0,0
TOP06D,815,0,0,0
TOP07A,816,0,0,0
TOP07B,817,0,0,0
TOP07C,818,0,0,0
TOP07D,819,0,1,0
TOP08A,820,0,0,0
TOP08B,821,0,1,0
TOP08C,822,1,1,0
TOP08D,823,0,0,0
TOP09A,824,0,0,0
TOP09B,825,0,0,0
TOP09C,826,1,0,0
TOP09D,827,0,0,0
TOP10A,828,1,0,0
TOP10B,829,1,0,0
TOP10C,830,1,1,0
TOP10D,831,1,0,0
TOP11A,832,0,0,0
TOP11B,833,0,0,0
TOP11C,834,0,0,0
TOP11D,835,0,0,0
TOP12A,836,1,1,0
TOP12B,837,0,0,0
TOP12C,838,0,0,0
TOP12D,839,1,0,0
TOP13A,840,0,0,0
TOP13B,841,0,0,0
TOP13C,842,0,0,0
TOP13D,843,0,0,0
TOP14A,844,1,1,0
TOP14B,845,1,1,0
TOP14C,846,1,1,0
TOP14D,847,1,0,0
TOP15A,848,1,1,0
TOP15B,849,1,1,0
TOP15C,850,1,0,0
TOP15D,851,1,0,0
TOR01A,852,0,0,1
TOR01B,853,0,0,1
TOR01C,854,1,0,1
TOR01D,855,0,0,1
TOR02A,856,1,0,1
TOR02B,857,1,0,1
TOR02C,858,0,0,1
TOR02D,859,0,0,1
TOR03A,860,0,0,1
TOR03B,861,0,0,1
TOR03C,862,0,0,1
TOR03D,863,0,0,1
TOR04A,864,0,0,1
TOR04B,865,0,0,1
TOR04C,866,0,1,1
TOR04D,867,0,0,1
TOR05A,868,1,0,1
TOR05B,869,1,0,1
TOR05C,870,0,0,1
TOR05D,871,1,0,1
TOR06A,872,1,0,1
TOR06B,873,1,0,1
TOR06C,874,1,0,1
TOR06D,875,1,0,1
TOR07A,876,1,0,1
TOR07B,877,1,0,1
TOR07C,878,0,0,1
TOR07D,879,1,0,1
TOR08A,880,0,0,1
TOR08B,881,0,0,1
TOR08C,882,0,0,1
TOR08D,883,0,0,1
TOR09A,884,1,0,1
TOR09B,885,0,0,1
TOR09C,886,0,0,1
TOR09D,887,1,0,1
TOR10A,888,1,0,1
TOR10B,889,0,0,1
TOR10C,890,0,0,1
TOR10D,891,0,0,1
TOR11A,892,1,0,1
TOR11B,893,0,0,1
TOR11C,894,0,0,1
TOR11D,895,1,0,1
TOR12A,896,0,0,1
TOR12B,897,0,0,1
TOR12C,898,1,0,1
TOR12D,899,0,0,1
TOR13A,900,0,0,1
TOR13B,901,0,0,1
TOR13C,902,0,0,1
TOR13D,903,0,0,1
TOR14A,904,0,0,1
TOR14B,905,0,0,1
TOR14C,906,0,0,1
TOR14D,907,0,0,1
TOR15A,908,0,0,1
TOR15B,909,1,0,1
TOR15C,910,0,0,1
TOR15D,911,1,0,1
TOR16A,912,0,0,1
TOR16B,913,1,0,1
TOR16C,914,0,0,1
TOR16D,915,0,0,1
TOR17A,916,1,0,1
TOR17B,917,1,0,1
TOR17C,918,0,0,1
TOR17D,919,0,0,1
TOR18A,920,0,0,1
TOR18B,921,0,0,1
TOR18C,922,0,0,1
TOR18D,923,0,0,1
TOR19A,924,0,0,1
TOR19B,925,0,0,1
TOR19C,926,0,0,1
TOR19D,927,0,0,1
TOR20A,928,1,0,1
TOR20B,929,1,0,1
TOR20C,930,0,0,1
TOR20D,931,1,0,1
TOR21A,932,0,0,1
TOR21B,933,1,0,1
TOR21C,934,0,0,1
TOR21D,935,1,0,1
TOR22A,936,0,0,1
TOR22B,937,0,0,1
TOR22C,938,1,0,1
TOR22D,939,0,0,1
TOR23A,940,1,0,1
TOR23B,941,1,0,1
TOR23C,942,1,0,1
TOR23D,943,1,0,1
TOR24A,944,0,0,1
TOR24B,945,0,0,1
TOR24C,946,0,0,1
TOR24D,947,0,0,1
TOR25A,948,0,0,1
TOR25B,949,0,0,1
TOR25C,950,0,0,1
TOR25D,951,0,0,1
TOR26A,952,1,0,1
TOR26B,953,0,0,1
TOR26C,954,1,0,1
TOR26D,955,0,0,1
TOR27A,956,1,0,1
TOR27B,957,1,0,1
TOR27C,958,0,0,1
TOR27D,959,0,0,1
TOR28A,960,1,0,1
TOR28B,961,1,0,1
TOR28C,962,1,0,1
TOR28D,963,1,0,1
TOR29A,964,1,0,1
TOR29B,965,1,0,1
TOR29C,966,0,0,1
TOR29D,967,1,0,1
TOR30A,968,0,0,1
TOR30B,969,0,0,1
TOR30C,970,0,0,1
TOR30D,971,0,0,1
TOR31A,972,1,0,1
TOR31B,973,0,0,1
TOR31C,974,1,0,1
TOR31D,975,1,0,1
TOR32A,976,0,0,1
TOR32B,977,0,0,1
TOR32C,978,0,0,1
TOR32D,979,1,0,1
TOR33A,980,0,0,1
TOR33B,981,0,0,1
TOR33C,982,0,0,1
TOR33D,983,0,0,1
TOR34A,984,0,0,1
TOR34B,985,0,0,1
TOR34C,986,0,0,1
TOR34D,987,0,0,1
TOR35A,988,0,0,1
TOR35B,989,0,0,1
TOR35C,990,0,0,1
TOR35D,991,0,0,1
TOR36A,992,0,0,1
TOR36B,993,0,0,1
TOR36C,994,0,0,1
TOR36D,995,0,0,1
TOR37A,996,0,0,1
TOR37B,997,0,0,1
TOR37C,998,0,0,1
TOR37D,999,0,0,1
TOR38A,1000,1,0,1
TOR38B,1001,0,0,1
TOR38C,1002,0,0,1
TOR38D,1003,1,0,1
TOR39A,1004,1,0,1
TOR39B,1005,1,0,1
TOR39C,1006,0,0,1
TOR39D,1007,0,0,1
TOR40A,1008,0,0,1
TOR40B,1009,0,0,1
TOR41A,1010,0,0,1
TOR41B,1011,1,0,1
TOR41C,1012,0,0,1
TOR41D,1013,0,0,1
TOR42A,1014,0,0,1
TOR42B,1015,1,0,1
TOR42C,1016,1,0,1
TOR42D,1017,1,0,1
TOR43A,1018,1,0,1
TOR43B,1019,0,0,1
TOR43C,1020,0,0,1
TOR43D,1021,0,0,1
TOR44A,1022,0,0,1
TOR44B,1023,0,0,1
TOR44C,1024,0,0,1
TOR44D,1025,0,0,1
TOR45A,1026,0,0,1
TOR45B,1027,0,0,1
TOR45C,1028,1,0,1
TOR45D,1029,0,0,1
TOR46A,1030,0,0,1
TOR46B,1031,0,0,1
TOR46C,1032,0,0,1
TOR46D,1033,0,0,1
TOR47A,1034,0,0,1
TOR47B,1035,0,0,1
TOR47C,1036,0,0,1
TOR47D,1037,0,0,1
TOR48A,1038,0,0,1
TOR48B,1039,1,0,1
TOR48C,1040,0,0,1
TOR48D,1041,0,0,1
TOR49A,1042,0,0,1
TOR49B,1043,0,0,1
TOR49C,1044,0,0,1
TOR49D,1045,0,0,1
TOR50A,1046,0,0,1
TOR50B,1047,0,0,1
TOR50C,1048,0,0,1
TOR50D,1049,0,0,1
TSI01A,1050,0,0,0
TSI01B,1051,0,0,0
TSI01C,1052,0,0,0
TSI01D,1053,0,0,0
TSI02A,1054,0,0,0
TSI02B,1055,0,0,0
TSI02C,1056,0,0,0
TSI02D,1057,0,0,0
TSI03A,1058,0,0,0
TSI03B,1059,0,0,0
TSI03C,1060,0,0,0
TSI03D,1061,0,0,0
TSI04A,1062,0,0,0
TSI04B,1063,0,0,0
TSI04C,1064,0,0,0
TSI04D,1065,0,0,0
TSI05A,1066,0,0,0
TSI05B,1067,0,0,0
TSI05C,1068,0,0,0
TSI05D,1069,0,0,0
TSI06A,1070,0,0,0
TSI06B,1071,0,0,0
TSI06C,1072,0,0,0
TSI06D,1073,0,0,0
TSI07A,1074,0,0,0
TSI07B,1075,0,0,0
TSI07C,1076,0,0,0
TSI07D,1077,0,0,0
TSI08A,1078,0,0,0
TSI08B,1079,0,0,0
TSI08C,1080,1,0,0
TSI08D,1081,0,0,0
TSI09A,1082,0,0,0
TSI09B,1083,0,1,0
TSI09C,1084,0,0,0
TSI09D,1085,0,0,0
TSI10A,1086,1,0,0
TSI10B,1087,1,0,0
TSI10C,1088,0,0,0
TSI10D,1089,0,0,0
TSI11A,1090,0,0,0
TSI11B,1091,0,0,0
TSI11C,1092,0,0,0
TSI11D,1093,0,0,0
TSI12A,1094,0,0,0
TSI12B,1095,0,0,0
TSI12C,1096,0,0,0
TSI12D,1097,0,0,0
TSI13A,1098,0,0,0
TSI13B,1099,0,0,0
TSI13C,1100,0,0,0
TSI13D,1101,0,0,0
TUR01A,1102,0,0,0
TUR01B,1103,0,0,0
TUR01C,1104,0,0,0
TUR01D,1105,0,0,0
TUR02A,1106,0,0,0
TUR02B,1107,0,0,0
TUR02C,1108,0,0,0
TUR02D,1109,0,0,0
TUR03A,1110,0,0,0
TUR03B,1111,0,0,0
TUR03C,1112,0,0,0
TUR03D,1113,0,0,0
TUR04A,1114,0,0,1
TUR04B,1115,0,0,0
TUR04C,1116,0,0,0
TUR04D,1117,0,0,0
TUR05A,1118,0,0,0
TUR05B,1119,0,0,0
TUR05C,1120,0,0,1
TUR05D,1121,0,0,0
TUR06A,1122,0,0,0
TUR06B,1123,0,0,0
TUR06C,1124,0,0,0
TUR06D,1125,0,0,0
TUR07A,1126,0,0,0
TUR07B,1127,0,0,0
TUR07C,1128,0,0,0
TUR07D,1129,0,0,0
TUR08A,1130,0,0,0
TUR08B,1131,0,0,0
TUR08C,1132,0,0,0
TUR08D,1133,0,0,0
TUR09A,1134,1,0,0
TUR09B,1135,1,0,0
TUR09C,1136,0,0,1
TUR09D,1137,1,0,0
TUR10A,1138,0,0,0
TUR10B,1139,0,0,0
TUR10C,1140,0,0,0
TUR10D,1141,0,0,0
TUR11A,1142,0,0,0
TUR11B,1143,0,0,0
TUR11C,1144,0,0,1
TUR11D,1145,0,0,1
TUR12A,1146,1,0,0
TUR12B,1147,0,0,0
TUR12C,1148,0,0,0
TUR12D,1149,0,0,0
TUR13A,1150,1,0,0
TUR13B,1151,1,0,0
TUR13C,1152,1,0,0
TUR13D,1153,0,0,0
TUR14A,1154,0,0,0
TUR14B,1155,0,0,0
TUR14C,1156,0,0,0
TUR14D,1157,0,0,0
TUR15A,1158,0,0,0
TUR15B,1159,0,0,0
TUR15C,1160,0,0,0
TUR15D,1161,0,0,0
TUR16A,1162,1,0,0
TUR16B,1163,1,0,0
TUR16C,1164,1,0,0
TUR16D,1165,0,0,0
TUR17A,1166,0,0,0
TUR17B,1167,0,0,0
TUR17C,1168,0,0,0
TUR17D,1169,0,0,0
TUR18A,1170,0,0,0
TUR18B,1171,0,0,0
TUR18C,1172,0,0,0
TUR18D,1173,1,1,0
TUR19A,1174,0,0,0
TUR19B,1175,0,0,0
TUR19C,1176,1,0,0
TUR19D,1177,0,0,0
TUR20A,1178,1,0,0
TUR20B,1179,0,0,0
TUR20C,1180,0,0,1
TUR20D,1181,0,0,0
USD01A,1182,0,0,1
USD01B,1183,0,0,1
USD01C,1184,0,0,1
USD01D,1185,0,1,1
USD02A,1186,0,0,1
USD02B,1187,0,0,1
USD02C,1188,0,0,1
USD02D,1189,0,0,1
USD03A,1190,0,0,1
USD03B,1191,1,0,1
USD03C,1192,0,0,1
USD03D,1193,0,0,1
USD04A,1194,1,0,1
USD04B,1195,1,0,1
USD04C,1196,0,0,1
USD04D,1197,1,0,1
USD05A,1198,1,0,1
USD05B,1199,1,0,1
USD05C,1200,0,0,1
USD05D,1201,1,0,1
USD06A,1202,0,0,1
USD06B,1203,1,0,1
USD06C,1204,1,0,1
USD06D,1205,0,0,1
USD07A,1206,1,0,1
USD07B,1207,1,0,1
USD07C,1208,1,0,1
USD07D,1209,1,0,1
USD08A,1210,0,0,1
USD08B,1211,0,0,1
USD08C,1212,0,0,1
USD08D,1213,0,0,1
USD09A,1214,0,0,1
USD09B,1215,0,0,0
USD09C,1216,0,0,0
USD09D,1217,0,0,0
USD10A,1218,0,0,1
USD10B,1219,0,0,1
USD10C,1220,0,0,1
USD10D,1221,1,0,1
USD11A,1222,1,0,1
USD11B,1223,1,0,1
USD11C,1224,0,0,1
USD11D,1225,0,0,1
USD12A,1226,0,0,1
USD12B,1227,0,0,1
USD12C,1228,1,0,1
USD12D,1229,0,0,1
USD13A,1230,1,0,1
USD13B,1231,1,0,1
USD13C,1232,1,0,1
USD13D,1233,0,0,1
USD14A,1234,0,0,1
USD14B,1235,0,0,1
USD14C,1236,0,0,1
USD14D,1237,0,0,1
USD15A,1238,0,0,1
USD15B,1239,0,0,1
USD15C,1240,0,0,1
USD15D,1241,0,0,1
USD16A,1242,0,0,1
USD16B,1243,1,0,1
USD16C,1244,0,0,1
USD16D,1245,0,0,1
USD17A,1246,1,0,1
USD17B,1247,1,0,1
USD17C,1248,0,0,1
USD17D,1249,0,0,1
USD18A,1250,1,0,1
USD18B,1251,0,0,1
USD18C,1252,1,0,1
USD18D,1253,0,0,1
USD19A,1254,0,0,1
USD19B,1255,0,0,1
USD19C,1256,0,0,1
USD19D,1257,1,0,1
USD20A,1258,0,0,1
USD20B,1259,0,0,1
USD20C,1260,0,0,1
USD20D,1261,0,0,1
USD21A,1262,0,0,1
USD21B,1263,0,0,1
USD21C,1264,0,0,1
USD21D,1265,0,0,1
USD22A,1266,0,0,0
USD22B,1267,0,0,0
USD22C,1268,0,0,1
USD22D,1269,0,0,1
USD23A,1270,0,0,1
USD23B,1271,0,0,1
USD23C,1272,0,0,1
USD23D,1273,0,0,1
USD24A,1274,0,0,1
USD24B,1275,0,0,1
USD24C,1276,0,0,1
USD24D,1277,0,0,1
USD25A,1278,0,0,1
USD25B,1279,0,0,1
USD25C,1280,0,0,1
USD25D,1281,0,0,1
USD26A,1282,0,0,1
USD26B,1283,0,0,1
USD26C,1284,0,0,1
USD26D,1285,1,0,1
USD27A,1286,0,0,1
USD27B,1287,1,0,1
USD27C,1288,1,0,1
USD27D,1289,0,0,1
USD28A,1290,1,0,1
USD28B,1291,0,0,1
USD28C,1292,0,0,1
USD28D,1293,1,0,1
USD29A,1294,0,0,1
USD29B,1295,0,0,1
USD29C,1296,0,0,1
USD29D,1297,0,0,1
VAN01A,1298,0,0,1
VAN01B,1299,1,0,1
VAN01C,1300,1,0,1
VAN01D,1301,1,0,0
VAN02A,1302,0,0,0
VAN02B,1303,0,1,0
VAN02C,1304,1,0,0
VAN02D,1305,0,0,0
VAN03A,1306,1,1,0
VAN03B,1307,1,1,0
VAN04A,1308,0,0,0
VAN04B,1309,1,1,0
VAN04C,1310,0,0,0
VAN04D,1311,0,0,0
VAN05A,1312,0,0,0
VAN05B,1313,0,0,0
VAN05C,1314,0,0,0
VAN05D,1315,1,1,0
VAN06A,1316,0,0,0
VAN06B,1317,0,1,0
VAN06C,1318,0,0,0
VAN06D,1319,0,0,0
VAN07A,1320,1,1,0
VAN07B,1321,1,1,0
VAN07C,1322,0,0,0
VAN07D,1323,0,0,0
VAN08A,1324,1,0,0
VAN08B,1325,1,0,0
VAN08C,1326,0,0,0
VAN08D,1327,1,1,0
VAN09A,1328,0,1,0
VAN09B,1329,0,1,0
VAN09C,1330,1,0,0
VAN09D,1331,1,1,0
VAN10A,1332,1,1,0
VAN10B,1333,1,1,0
VAN10C,1334,0,0,0
VAN10D,1335,1,1,0
VAN11A,1336,0,1,0
VAN11B,1337,0,1,0
VAN11C,1338,1,1,0
VAN11D,1339,1,1,0
VAN12A,1340,0,0,0
VAN12B,1341,1,1,0
VAN12C,1342,1,1,0
VAN12D,1343,1,1,0
VAN13A,1344,0,0,1
VAN13B,1345,0,0,0
VAN13C,1346,0,0,1
VAN13D,1347,0,0,0
VAN14A,1348,0,0,0
VAN14B,1349,0,1,0
VAN14C,1350,0,0,0
VAN14D,1351,0,1,0
VAN15A,1352,0,0,0
VAN15B,1353,0,1,0
VAN15C,1354,0,0,0
VAN15D,1355,0,1,0
VAN16A,1356,0,0,0
VAN16B,1357,0,1,0
VAN16C,1358,0,1,0
VAN16D,1359,0,1,0
VAN17A,1360,0,0,0
VAN17B,1361,0,0,0
VAN17C,1362,1,1,0
VAN17D,1363,0,1,0
VAN18A,1364,0,0,0
VAN18B,1365,0,0,0
VAN18C,1366,0,0,0
VAN18D,1367,0,1,0
VAN19A,1368,0,0,0
VAN19B,1369,1,1,0
VAN19C,1370,1,1,0
VAN19D,1371,0,0,0
VAN20A,1372,0,0,0
VAN20B,1373,0,0,0
VAN20C,1374,1,1,0
VAN20D,1375,0,0,0
VAN21A,1376,0,0,0
VAN21B,1377,0,0,0
VAN21C,1378,1,1,0
VAN21D,1379,1,1,0
VAN22A,1380,0,0,0
VAN22B,1381,1,1,0
VAN22C,1382,0,0,1
VAN22D,1383,0,0,0
VAN23A,1384,0,0,0
VAN23B,1385,1,1,0
VAN23C,1386,0,0,0
VAN23D,1387,0,0,0
WEL01A,1388,0,0,1
WEL01B,1389,0,0,1
WEL01C,1390,1,0,1
WEL01D,1391,1,1,1
WEL02A,1392,1,0,1
WEL02B,1393,1,0,1
WEL02C,1394,0,0,1
WEL02D,1395,0,0,1
WEL03A,1396,0,0,1
WEL03B,1397,0,0,1
WEL03C,1398,0,0,1
WEL03D,1399,1,0,1
WEL04A,1400,0,0,1
WEL04B,1401,1,0,1
WEL04C,1402,1,0,1
WEL04D,1403,0,0,1
WEL05A,1404,1,1,1
WEL05B,1405,1,0,1
WEL05C,1406,1,1,1
WEL05D,1407,0,0,1
WEL06A,1408,0,0,1
WEL06B,1409,0,0,1
WEL06C,1410,0,0,1
WEL06D,1411,0,0,1
WEL07A,1412,1,1,1
WEL07B,1413,1,0,1
WEL07C,1414,0,0,1
WEL07D,1415,0,0,1
WEL08A,1416,1,0,1
WEL08B,1417,1,0,1
WEL08C,1418,1,0,1
WEL08D,1419,0,0,1
WEL09A,1420,1,0,1
WEL09B,1421,1,0,1
WEL09C,1422,0,0,1
WEL09D,1423,1,0,1
WEL10A,1424,0,0,1
WEL10B,1425,1,0,1
WEL10C,1426,0,0,1
WEL10D,1427,0,0,1
WEL11A,1428,0,0,1
WEL11B,1429,1,0,1
WEL11C,1430,0,0,0
WEL11D,1431,0,0,1
WEL12A,1432,0,0,1
WEL12B,1433,1,0,1
WEL12C,1434,0,0,1
WEL12D,1435,1,0,1
WEL13A,1436,1,0,1
WEL13B,1437,1,0,1
WEL13C,1438,1,0,1
WEL13D,1439,1,0,1
WEL14A,1440,1,0,1
WEL14B,1441,0,0,1
WEL14C,1442,1,0,1
WEL14D,1443,0,0,1
WEL15A,1444,0,0,1
WEL15B,1445,0,0,1
WEL15C,1446,0,0,1
WEL15D,1447,0,0,1
WEL16A,1448,0,0,1
WEL16B,1449,0,0,1
WEL16C,1450,1,0,0
WEL16D,1451,0,0,1
WEL17A,1452,0,0,1
WEL17B,1453,0,0,1
WEL17C,1454,0,0,1
WEL17D,1455,0,0,1
WEL18A,1456,0,0,1
WEL18B,1457,0,0,1
WEL18C,1458,1,0,1
WEL18D,1459,0,0,1
WEL19A,1460,0,0,0
WEL19B,1461,1,0,0
WEL19C,1462,1,0,0
WEL19D,1463,1,1,0
WEL20A,1464,0,0,0
WEL20B,1465,1,0,0
WEL20C,1466,0,0,0
WEL20D,1467,0,0,1
WEL21A,1468,0,0,1
WEL21B,1469,0,0,1
WEL21C,1470,0,0,1
WEL21D,1471,0,0,1
WEL22A,1472,0,0,1
WEL22B,1473,1,0,1
WEL22C,1474,0,0,1
WEL22D,1475,0,0,1
WEL23A,1476,1,0,1
WEL23B,1477,1,0,1
WEL23C,1478,0,0,1
WEL23D,1479,0,0,1
WEL24A,1480,0,0,1
WEL24B,1481,0,0,1
WEL24C,1482,0,0,1
WEL24D,1483,1,0,1
WEL25A,1484,0,0,1
WEL25B,1485,1,0,1
WEL25C,1486,0,1,1
WEL25D,1487,0,0,1
WEL26A,1488,0,0,1
WEL26B,1489,0,0,1
WEL26C,1490,1,0,1
WEL26D,1491,0,0,1
WEL27A,1492,0,0,1
WEL27B,1493,1,0,1
WEL27C,1494,0,0,1
WEL27D,1495,0,0,1
WEL28A,1496,0,0,1
WEL28B,1497,0,0,1
WEL28C,1498,0,0,1
WEL28D,1499,0,0,1
WEL29A,1500,0,0,1
WEL29B,1501,0,0,1
WEL29C,1502,0,0,1
WEL29D,1503,1,0,1
WEL30A,1504,0,0,1
WEL30B,1505,0,0,1
WEL30C,1506,0,0,1
WEL30D,1507,0,0,1
WEL31A,1508,0,0,1
WEL31B,1509,1,0,1
WEL31C,1510,1,0,1
WEL31D,1511,0,0,1
WEL32A,1512,1,0,1
WEL32B,1513,1,0,1
WEL32C,1514,1,0,1
WEL32D,1515,1,0,1
WEL33A,1516,0,0,1
WEL33B,1517,0,0,1
WEL33C,1518,0,0,1
WEL33D,1519,0,0,1
WEL34A,1520,0,0,1
WEL34B,1521,1,0,1
WEL34C,1522,0,0,1
WEL34D,1523,1,0,1
WEL35A,1524,0,0,1
WEL35B,1525,1,0,1
WEL35C,1526,0,0,1
WEL35D,1527,0,0,1
WEL36A,1528,0,0,1
WEL36B,1529,0,0,1
WEL36C,1530,0,0,1
WEL36D,1531,0,0,1
WEL37A,1532,0,0,0
WEL37B,1533,0,0,0
WEL37C,1534,1,0,0
WEL37D,1535,0,0,0
WEL38A,1536,0,0,1
WEL38B,1537,0,0,1
WEL38C,1538,0,0,1
WEL38D,1539,1,0,1
WEL39A,1540,0,0,1
WEL39B,1541,0,0,1
WEL39C,1542,0,0,1
WEL39D,1543,0,0,1
WEL40A,1544,0,0,1
WEL40B,1545,1,0,1
WEL40C,1546,1,0,1
WEL40D,1547,0,0,1
WEL41A,1548,1,1,1
WEL41B,1549,0,0,1
WEL41C,1550,0,0,1
WEL41D,1551,0,0,1
WEL42A,1552,1,1,1
WEL42B,1553,1,0,1
WEL42C,1554,0,0,1
WEL42D,1555,0,0,1
WEL43A,1556,0,0,1
WEL43B,1557,0,0,1
WEL43C,1558,0,0,1
WEL43D,1559,0,0,1
WEL44A,1560,1,0,1
WEL44B,1561,0,0,1
WEL44C,1562,1,0,1
WEL44D,1563,0,0,1
WEL45A,1564,0,0,1
WEL45B,1565,0,0,1
WEL45C,1566,0,0,1
WEL45D,1567,0,0,1
WEL46A,1568,1,0,1
WEL46B,1569,1,0,1
WEL46C,1570,1,0,1
WEL46D,1571,0,0,1
WEL47A,1572,1,0,1
WEL47B,1573,1,0,1
WEL47C,1574,1,0,1
WEL47D,1575,1,0,1
WEL48A,1576,1,0,1
WEL48B,1577,0,0,1
WEL48C,1578,0,0,1
WEL48D,1579,1,0,1
WEL49A,1580,0,0,0
WEL49B,1581,0,0,0
WEL49C,1582,1,0,0
WEL49D,1583,0,0,0
WEL50A,1584,1,0,1
WEL50B,1585,0,0,1
WEL50C,1586,0,0,1
WEL50D,1587,1,0,1
WEL51A,1588,0,0,1
WEL51B,1589,0,0,1
WEL51C,1590,0,0,1
WEL51D,1591,1,0,1
WEL52A,1592,0,0,0
WEL52B,1593,0,0,0
WEL52C,1594,0,0,0
WEL52D,1595,0,0,0
WEL53A,1596,1,0,1
WEL53B,1597,1,0,1
WEL53C,1598,0,0,1
WEL53D,1599,0,0,1
WEL54A,1600,0,0,1
WEL54B,1601,1,0,1
WEL54C,1602,0,0,1
WEL54D,1603,0,0,1
WEL55A,1604,0,0,1
WEL55B,1605,0,0,1
WEL55C,1606,0,0,1
WEL55D,1607,1,1,1
WEL56A,1608,0,0,1
WEL56B,1609,1,1,1
WEL56C,1610,1,0,1
WEL56D,1611,1,0,1
WEL57A,1612,0,0,1
WEL57B,1613,1,0,1
WEL57C,1614,0,0,1
WEL57D,1615,0,0,1
